<beans xmlns="http://www.springframework.org/schema/beans"
	xmlns:context="http://www.springframework.org/schema/context"
	 xmlns:tx="http://www.springframework.org/schema/tx"
	xmlns:aop="http://www.springframework.org/schema/aop" 
	xmlns:xsi="http://www.w3.org/2001/XMLSchema-instance"
	xsi:schemaLocation="
   http://www.springframework.org/schema/beans     
   http://www.springframework.org/schema/beans/spring-beans-4.3.xsd
   http://www.springframework.org/schema/context 
   http://www.springframework.org/schema/context/spring-context-4.3.xsd">

 <bean id="associate" class="com.cg.project.beans.Associate"> 
 <constructor-arg name="id" value="111"/>
  <constructor-arg name="firstName" value="chandrahas"/>
  <constructor-arg name="lastName" value="varma"/>
   <constructor-arg name="address" ref="address"/>
    </bean>
 <bean id="address" class="com.cg.project.beans.Address"> 
 <constructor-arg name="city" value="hyd"/>
  <constructor-arg name="state" value="tg"/>
  <constructor-arg name="country" value="india"/>
   <constructor-arg name="pincode" value="500065"/>
 </bean>
 </beans> 